Type,Name,Request Count,Failure Count,Median Response Time,Average Response Time,Min Response Time,Max Response Time,Average Content Size,Requests/s,Failures/s,50%,66%,75%,80%,90%,95%,98%,99%,99.9%,99.99%,100%
POST,/auth/login,50,0,180.0,187.49321999959648,171.17760004475713,716.621900035534,160.78,0.16655864237970794,0.0,180,180,180,180,180,200,720,720,720,720,720
GET,/expenses,1001,0,7,147.10302967081577,2.3471000022254884,2240.2429999783635,1821.094905094905,3.334504020441753,0.0,7,95,200,260,490,680,920,1300,1700,2200,2200
POST,/input,2445,109,1500.0,1733.3319384051179,807.8181999735534,13956.789000018034,90.32597137014315,8.144717612367717,0.3630978403877633,1500,1700,1900,2000,2400,2800,4100,5400,12000,14000,14000
GET,/notifications,504,0,7,133.18324682687592,2.3799000191502273,1320.3579999972135,2.0,1.678911115187456,0.0,7,110,190,240,410,580,870,1000,1300,1300,1300
GET,/schedules,977,0,7,138.84337871086888,2.4458999978378415,1705.7937000063248,976.0562947799386,3.254555872099493,0.0,7,97,200,260,450,650,870,1100,1700,1700,1700
,Aggregated,4977,109,900.0,923.7282942540166,2.3471000022254884,13956.789000018034,604.0620855937311,16.579247262476127,0.3630978403877633,900,1300,1500,1700,2000,2400,3100,4000,10000,14000,14000
